map-Eden-b3.pk3	Eden
map-UTCSfinal.pk3	UTCS
map-arachnid2-gpp.pk3	Arachnid2
map-atcshd-gpp2.pk3	A.T.C.S HD
map-citadel.pk3	Citadel
map-cruz-b6.pk3	Cruz
map-karith-gpp.pk3	Karith
map-methane-beta1.pk3	Methane
map-nano.pk3	Nano
map-nexus6-gpp.pk3	Nexus 6
map-niveus-gpp.pk3	Niveus
map-orion-beta2.pk3	Orion
map-parpax-d02.pk3	Parpax
map-perseus-b3.pk3	Perseus
map-plat23-b10.pk3	Platform 23
map-procyon-r1.pk3	Procyon
map-sirius.pk3	Sirius
map-spacetracks-r1.pk3	Spacetracks
map-station15-r1.pk3	Station 15
map-thunder-b3.pk3	Thunder
map-transit-gpp.pk3	Transit
map-tremor-gpp.pk3	Tremor
map-veddak-final.pk3	Veddak
map-wrecktify_b2.pk3	Wrecktify
map-yocto-b1a.pk3	Yocto
pak0.pk3	dummy
pak1.pk3	dummy
pak2.pk3	dummy
pak3.pk3	dummy
pak4.pk3	dummy
pak5.pk3	dummy
pak6.pk3	dummy
pak7.pk3	dummy
pak8.pk3	dummy
pak9.pk3	dummy
pakA.pk3	dummy
pakB.pk3	dummy
pakC.pk3	dummy
pakD.pk3	dummy
pakE.pk3	dummy
pakF.pk3	dummy
pakG.pk3	dummy
vms-0.17.0.pk3	dummy
