map-Eden-b3.pk3	Eden	7820756	5c2299ced807db938d18d4a8e26d4b98 *map-Eden-b3.pk3
map-UTCSfinal.pk3	UTCS	6281420	4f785ec16b0624aaa805ba21eac72126 *map-UTCSfinal.pk3
map-arachnid2-gpp.pk3	Arachnid 2	8029895	2333ae7d24c2ed5c54c35fab8ad7abf8 *map-arachnid2-gpp.pk3
map-atcshd-gpp2.pk3	A.T.C.S HD	8294007	29c72902a0abc44a1bc0d394f4a8165c *map-atcshd-gpp2.pk3
map-citadel.pk3	Citadel	5384522	01a9bf003bd15a9bf0529c961db3087a *map-citadel.pk3
map-cruz-b6.pk3	Cruz	14634628	307c8cb5d29ba4f27e818d96ecbbc155 *map-cruz-b6.pk3
map-karith-gpp.pk3	Karith	9926808	ced231d2b39b0f8a29cc8b38a6f3b229 *map-karith-gpp.pk3
map-methane-beta1.pk3	Methane	21016320	a9f0ed710b6f1ba961f7b3cbc0f18eaf *map-methane-beta1.pk3
map-nano.pk3	Nano	11792711	29018335c5cd5dddf02d73a9f316d903 *map-nano.pk3
map-nexus6-gpp.pk3	Nexus 6	10379611	5ba2ef8083e7b27b692c75239dc1cc98 *map-nexus6-gpp.pk3
map-niveus-gpp.pk3	Niveus	6402495	fec84ae4b097c24ef898b512dad8f05c *map-niveus-gpp.pk3
map-orion-beta2.pk3	Orion	5834081	f2d164284d83c85abfa6019c1ec09e53 *map-orion-beta2.pk3
map-parpax-d01.pk3	Parpax	47066359	4885a14ff8e7fab0bde12354ff55f83c *map-parpax-d02.pk3
map-perseus-b3.pk3	Perseus	6259624	c29fcadf00e781ae9685214e09e0f415 *map-perseus-b3.pk3
map-plat23-b9.pk3	Platform 23	30640693	ab52d7db3edfe0bf1ddc98d10c017727 *map-plat23-b9.pk3
map-procyon-r1.pk3	Procyon	14363635	acce9b9fb9d81d963190571f4f3aa558 *map-procyon-r1.pk3
map-sirius.pk3	Sirius	14228129	aa4960c70aa5e6e091af8e54e36142f0 *map-sirius.pk3
map-spacetracks-r1.pk3	Spacetracks	17742150	55b7befdeee389bbc4477b6f2d3d6690 *map-spacetracks-r1.pk3
map-station15-r1.pk3	Station 15	14515641	595c3d9500e5f9b3c6191a3216fb88e6 *map-station15-r1.pk3
map-thunder-b1.pk3	Thunder	62810248	051e3c74ff45ad729cbb6e2f7372da08 *map-thunder-b2.pk3
map-transit-gpp.pk3	Transit	10422831	43f2f280311afe0dc74d35002597fd4c *map-transit-gpp.pk3
map-tremor-gpp.pk3	Tremor	1911250	88ba979a1fcda0f6681e9cd05c878868 *map-tremor-gpp.pk3
map-veddak-final.pk3	Veddak	23231219	7e88b19f114ed0a66bb61847e82a39c5 *map-veddak-final.pk3
map-wrecktify_b2.pk3	Wrecktify	4725193	c543ea71be2c60f50d90f8bcbf0579dc *map-wrecktify_b2.pk3
map-yocto-b1a.pk3	Yocto	39184816	9deadf0748bd47de00f50a5976c1043e *map-yocto-b1a.pk3
pak0.pk3	dummy	100851798	cae4f88956923ed116612052fa62b717 *pak0.pk3
pak1.pk3	dummy	53406325	14aa78e706ee2f28861650ecc0b716a7 *pak1.pk3
pak2.pk3	dummy	15142331	25551e1a43963113bba1ae8fa5cdca89 *pak2.pk3
pak3.pk3	dummy	19230069	522bdb41e26b31ba00a7156df65b4b51 *pak3.pk3
pak4.pk3	dummy	10119149	a9c16f792133d6f997ea96fe0763c7e6 *pak4.pk3
pak5.pk3	dummy	14248510	eebc9c8a485c00539717d4e5ee29b60d *pak5.pk3
pak6.pk3	dummy	11771918	6ac698c1680bbac4c40876e0b1849d82 *pak6.pk3
pak7.pk3	dummy	10565691	b2f317bac918e2f84fbab6415158fccf *pak7.pk3
pak8.pk3	dummy	20937770	6a03b6033ef6260c02de51c22fcc5c6b *pak8.pk3
pak9.pk3	dummy	20883929	d3b5337e8bbdbe48f96c3d5cc9120898 *pak9.pk3
pakA.pk3	dummy	57502	19f550f402ddd82cfe909b31e689f617 *pakA.pk3
pakB.pk3	dummy	32259067	7964debbfc081b4779b5f70cf7226f6e *pakB.pk3
pakC.pk3	dummy	2555655	edf5b6e0a68d9606bca95e0a9d6f010a *pakC.pk3
vms-0.13.0.pk3	dummy	669917	7f131a2b7d9a7fb405a41cd157316939 *pakD.pk3
